{"acc_log_reg": 0.7333333333333333, "acc_svc": 0.7, "acc_tree": 0.5666666666666667, "acc_forest": 0.6333333333333333}